{
    "downsample_test": [
        {
            "decoded_eeg_data": {
                "12": 0.3402,
                "10": 0.40895,
                "7": 0.35207
            },
            "timestamp": 219701650,
            "eeg_data_len": 256,
            "session_id": "downsample_test",
            "eeg_data": [
                0.005664328,
                0.7225978,
                5.125421,
                6.863917,
                -5.074183,
                -6.537358,
                4.372504,
                1.824573,
                6.653767,
                2.060601,
                -9.863888,
                0.0434711,
                3.974224,
                5.116022,
                -0.5514918,
                0.6524791,
                11.43879,
                4.075746,
                8.602379,
                3.714322,
                -9.427309,
                -1.315955,
                -4.863212,
                -6.340369,
                -4.670646,
                -7.584014,
                -4.575283,
                -8.847691,
                -4.343385,
                -2.037764,
                -6.321104,
                -4.917666,
                5.719172,
                10.65742,
                -10.66996,
                0.1024157,
                9.533908,
                -0.5410602,
                2.958103,
                -0.4550542,
                10.54942,
                5.828774,
                1.112057,
                2.024386,
                5.570406,
                14.04126,
                -0.7116913,
                0.2971109,
                -1.653085,
                -0.1689816,
                -0.6501926,
                -2.350573,
                6.479718,
                3.415206,
                -3.630204,
                -14.24086,
                2.345495,
                3.547194,
                -0.3307941,
                3.892411,
                -0.03891873,
                4.468055,
                -8.312719,
                -0.8548912,
                -0.008746378,
                -0.606614,
                -3.552303,
                -4.854062,
                2.654863,
                -3.567561,
                -28.61954,
                -13.80393,
                0.3753579,
                -24.36361,
                -12.01377,
                -18.44105,
                -25.86538,
                -2.863675,
                -23.9433,
                -12.66055,
                -6.591396,
                -19.7965,
                -6.65912,
                -10.65851,
                -8.004439,
                -17.42498,
                -1.13503,
                10.25061,
                -8.527267,
                4.555828,
                0.5473869,
                5.760111,
                9.666365,
                -2.35469,
                -1.594138,
                2.757784,
                11.87194,
                -6.292472,
                -5.865839,
                1.10123,
                1.425682,
                16.52598,
                9.320036,
                13.6423,
                20.21525,
                22.29338,
                15.35138,
                5.070319,
                7.816154,
                -0.1614704,
                9.072711,
                4.164286,
                -6.379754,
                6.850179,
                11.46797,
                11.86713,
                4.96291,
                7.013411,
                11.68272,
                10.74,
                11.46516,
                -1.379421,
                -6.702682,
                2.578941,
                5.106588,
                8.78112,
                9.541972,
                -1.442793,
                -0.004907168,
                -0.5501871,
                -4.078089,
                -7.805644,
                -3.150283,
                0.2172893,
                -0.6726037,
                0.2834753,
                -3.69481,
                6.242568,
                6.140974,
                -6.768989,
                9.932739,
                12.29268,
                0.6972393,
                -2.217933,
                2.701055,
                9.624651,
                1.046494,
                2.078201,
                -3.766467,
                -4.896621,
                4.337346,
                4.56588,
                7.121389,
                5.413574,
                5.437436,
                -4.674728,
                -2.734284,
                8.701894,
                11.63645,
                12.72249,
                1.840692,
                -4.560108,
                1.932904,
                21.97671,
                13.11855,
                -5.84656,
                -7.518002,
                -2.594195,
                4.3916,
                -12.42238,
                -9.037205,
                0.5986004,
                3.464012,
                2.136114,
                -11.91694,
                -12.78923,
                -4.296197,
                2.021801,
                3.913197,
                4.066397,
                -15.05833,
                -8.086193,
                1.613514,
                -1.33118,
                -1.758073,
                -15.18965,
                3.790531,
                -1.256459,
                -5.291116,
                7.981687,
                0.7866836,
                -6.635044,
                -0.003874207,
                -0.3297464,
                -1.763508,
                -2.083938,
                0.3498883,
                1.815001,
                -1.659385,
                -10.97256,
                -3.207225,
                10.49532,
                6.814472,
                10.43763,
                -0.6546558,
                -2.802658,
                2.610613,
                -12.49498,
                -8.095695,
                -20.17326,
                -20.09836,
                -14.12498,
                -28.4646,
                -17.28726,
                -9.216318,
                -10.89937,
                -13.20408,
                -5.559207,
                -3.718107,
                -3.175812,
                -0.3611996,
                2.905206,
                20.25588,
                4.348064,
                -10.48993,
                4.558192,
                6.499904,
                3.252994,
                2.944922,
                -6.309931,
                4.618033,
                10.39547,
                -0.8725517,
                13.12489,
                9.167665,
                -1.505345,
                6.164602,
                16.49605,
                15.70596,
                7.222638,
                2.763105,
                8.024998,
                10.86941,
                -3.490245,
                19.27065,
                14.17669,
                -10.4417,
                4.84548,
                7.337261,
                9.550655,
                5.319662,
                -8.885395,
                -10.56359,
                4.995526,
                -5.77008,
                2.660112
            ]
        }
    ]
}